
<entities xmlns:xsd="http://www.w3.org/2001/XMLSchema" xmlns:xsi="http://www.w3.org/2001/XMLSchema-instance" timestamp="2024-06-10T21:19:51.7917409Z">
  <entity name="bebe_demo" displayname="Demo">
    <records>
      <record id="9007ad1b-6f27-ef11-840a-000d3a664a86">
        <field name="createdby" value="9b70872b-0d3e-ee11-bdf4-000d3add5311" lookupentity="systemuser" lookupentityname="Benedikt Bergmann" />
        <field name="createdon" value="2024-06-10T21:19:24.0000000Z" />
        <field name="bebe_demoid" value="9007ad1b-6f27-ef11-840a-000d3a664a86" />
        <field name="modifiedby" value="9b70872b-0d3e-ee11-bdf4-000d3add5311" lookupentity="systemuser" lookupentityname="Benedikt Bergmann" />
        <field name="modifiedon" value="2024-06-10T21:19:24.0000000Z" />
        <field name="bebe_name" value="DEMO Row" />
        <field name="ownerid" value="9b70872b-0d3e-ee11-bdf4-000d3add5311" lookupentity="systemuser" lookupentityname="Benedikt Bergmann" />
        <field name="owningbusinessunit" value="a969872b-0d3e-ee11-bdf4-000d3add5311" lookupentity="businessunit" lookupentityname="orgc11a863b" />
        <field name="owninguser" value="9b70872b-0d3e-ee11-bdf4-000d3add5311" lookupentity="systemuser" />
        <field name="statecode" value="0" />
        <field name="statuscode" value="1" />
      </record>
    </records>
    <m2mrelationships />
  </entity>
</entities>